<?xml version="1.0" encoding="UTF-8"?>
<!DOCTYPE hibernate-configuration PUBLIC "-//Hibernate/Hibernate Configuration DTD 3.0//EN" "http://hibernate.sourceforge.net/hibernate-configuration-3.0.dtd">
<hibernate-configuration>
  <session-factory>
    <property name="hibernate.dialect">org.hibernate.dialect.MySQLDialect</property>
    <property name="hibernate.connection.driver_class">com.mysql.jdbc.Driver</property>
    <property name="hibernate.connection.url">jdbc:mysql://192.168.193.129:3306/st1</property>
    <property name="hibernate.connection.username">root</property>
    <property name="hibernate.connection.password">pass</property>
    <mapping resource="org/muk/fcit/results/hibernate/pojo/Intake.hbm.xml"/>
    <mapping resource="org/muk/fcit/results/hibernate/pojo/Gradingsystem.hbm.xml"/>
    <mapping resource="org/muk/fcit/results/hibernate/pojo/Users.hbm.xml"/>
    <mapping resource="org/muk/fcit/results/hibernate/pojo/Studentcourseunit.hbm.xml"/>
    <mapping resource="org/muk/fcit/results/hibernate/pojo/Courseunit.hbm.xml"/>
    <mapping resource="org/muk/fcit/results/hibernate/pojo/Course.hbm.xml"/>
    <mapping resource="org/muk/fcit/results/hibernate/pojo/Department.hbm.xml"/>
    <mapping resource="org/muk/fcit/results/hibernate/pojo/Student.hbm.xml"/>
    <mapping resource="org/muk/fcit/results/hibernate/pojo/Studentresults.hbm.xml"/>
    <mapping resource="org/muk/fcit/results/hibernate/pojo/Coursecourseunit.hbm.xml"/>
    <mapping resource="org/muk/fcit/results/hibernate/pojo/Courseintake.hbm.xml"/>
    <mapping resource="org/muk/fcit/results/hibernate/pojo/Grade.hbm.xml"/>
  </session-factory>
</hibernate-configuration>
