<?xml version="1.0" encoding="UTF-8"?>
<!DOCTYPE hibernate-reverse-engineering PUBLIC "-//Hibernate/Hibernate Reverse Engineering DTD 3.0//EN" "http://hibernate.sourceforge.net/hibernate-reverse-engineering-3.0.dtd">
<hibernate-reverse-engineering>
  <schema-selection match-catalog="st1"/>
  <table-filter match-name="users"/>
  <table-filter match-name="grade"/>
  <table-filter match-name="student"/>
  <table-filter match-name="course"/>
  <table-filter match-name="courseunit"/>
  <table-filter match-name="studentcourseunit"/>
  <table-filter match-name="studentresults"/>
  <table-filter match-name="coursecourseunit"/>
  <table-filter match-name="intake"/>
  <table-filter match-name="department"/>
  <table-filter match-name="gradingsystem"/>
  <table-filter match-name="courseintake"/>
</hibernate-reverse-engineering>
